Kecamatan,Desa,Lokasi,Sumber Penghasilan Utama,Penerangan Jalan Utama,Bahan Bakar Yang Digunakan KK,Jamban,Tempat Buang Sampah,Tempat Penampungan Sampah Sementara,Rawan Longsor,Rawan Banjir,Rawan Angin Putting Beliung
KEMANGKON,KEDUNGBENDA,Hamparan,Pertanian,Ada,Kayu Bakar,Jamban Sendiri,Dalam lubang/dibakar,Tidak,Tidak Ada,Tidak Ada,Tidak Ada
KEMANGKON,BOKOL,Hamparan,Pertanian,Ada,Kayu Bakar,Jamban Sendiri,Dalam lubang/dibakar,Tidak,Tidak Ada,Tidak Ada,Tidak Ada
KEMANGKON,PLUMUTAN,Hamparan,Pertanian,Ada,Kayu Bakar,Jamban Sendiri,Dalam lubang/dibakar,Tidak,Tidak Ada,Tidak Ada,Tidak Ada
KEMANGKON,MAJATENGAH,Hamparan,Pertanian,Ada,LPG,Jamban Sendiri,Dalam lubang/dibakar,Tidak,Tidak Ada,Tidak Ada,Ada
KEMANGKON,KEDUNGLEGOK,Hamparan,Pertanian,Ada,LPG,Jamban Sendiri,Dalam lubang/dibakar,Tidak,Tidak Ada,Tidak Ada,Ada
KEMANGKON,KEMANGKON,Hamparan,Pertanian,Ada,LPG,Jamban Sendiri,Dalam lubang/dibakar,Ada,Tidak Ada,Tidak Ada,Tidak Ada
KEMANGKON,PANICAN,Hamparan,Pertanian,Tidak,LPG,Jamban Sendiri,Dalam lubang/dibakar,Tidak,Tidak Ada,Tidak Ada,Tidak Ada
KEMANGKON,BAKULAN,Hamparan,Pertanian,Ada,Kayu Bakar,Jamban Sendiri,Dalam lubang/dibakar,Tidak,Tidak Ada,Tidak Ada,Tidak Ada
KEMANGKON,KARANGKEMIRI,Hamparan,Pertanian,Ada,LPG,Jamban Sendiri,Dalam lubang/dibakar,Tidak,Tidak Ada,Tidak Ada,Tidak Ada
KEMANGKON,PEGANDEKAN,Hamparan,Pertanian,Ada,LPG,Jamban Sendiri,Dalam lubang/dibakar,Tidak,Tidak Ada,Tidak Ada,Tidak Ada
KEMANGKON,SENON,Hamparan,Pertanian,Ada,LPG,Jamban Sendiri,Dalam lubang/dibakar,Tidak,Tidak Ada,Tidak Ada,Ada
KEMANGKON,SUMILIR,Hamparan,Pertanian,Ada,Kayu Bakar,Jamban Sendiri,Dalam lubang/dibakar,Tidak,Tidak Ada,Tidak Ada,Tidak Ada
KEMANGKON,KALIALANG,Hamparan,Pertanian,Ada,LPG,Jamban Sendiri,Dalam lubang/dibakar,Tidak,Tidak Ada,Tidak Ada,Tidak Ada
KEMANGKON,KARANGTENGAH,Hamparan,Pertanian,Ada,LPG,Jamban Sendiri,Dalam lubang/dibakar,Tidak,Tidak Ada,Tidak Ada,Tidak Ada
KEMANGKON,MUNTANG,Hamparan,Pertanian,Ada,LPG,Jamban Sendiri,Dalam lubang/dibakar,Tidak,Tidak Ada,Tidak Ada,Tidak Ada
KEMANGKON,GAMBARSARI,Hamparan,Pertanian,Ada,LPG,Jamban Sendiri,Dalam lubang/dibakar,Tidak,Tidak Ada,Tidak Ada,Tidak Ada
KEMANGKON,TOYAREKA,Hamparan,Pertanian,Ada,LPG,Jamban Sendiri,Dalam lubang/dibakar,Tidak,Tidak Ada,Tidak Ada,Tidak Ada
KEMANGKON,JETIS,Hamparan,Pertanian,Ada,LPG,Jamban Sendiri,Dalam lubang/dibakar,Tidak,Tidak Ada,Tidak Ada,Tidak Ada
KEMANGKON,MAJASEM,Hamparan,Pertanian,Ada,LPG,Jamban Sendiri,Dalam lubang/dibakar,Tidak,Tidak Ada,Tidak Ada,Ada
BUKATEJA,TIDU,Hamparan,Pertanian,Tidak,Kayu Bakar,Jamban Sendiri,Dalam lubang/dibakar,Tidak,Tidak Ada,Tidak Ada,Tidak Ada
BUKATEJA,WIRASABA,Hamparan,Pertanian,Ada,LPG,Jamban Sendiri,Dalam lubang/dibakar,Tidak,Tidak Ada,Tidak Ada,Tidak Ada
BUKATEJA,KEMBANGAN,Hamparan,Pertanian,Ada,LPG,Jamban Sendiri,Dalam lubang/dibakar,Tidak,Tidak Ada,Tidak Ada,Tidak Ada
BUKATEJA,CIPAWON,Hamparan,Pertanian,Ada,Kayu Bakar,Jamban Sendiri,Dalam lubang/dibakar,Tidak,Tidak Ada,Tidak Ada,Tidak Ada
BUKATEJA,KARANGCENGIS,Hamparan,Pertanian,Ada,LPG,Jamban Sendiri,Dalam lubang/dibakar,Tidak,Tidak Ada,Tidak Ada,Tidak Ada
BUKATEJA,KARANGGEDANG,Hamparan,Pertanian,Ada,Kayu Bakar,Bukan Jamban,Dalam lubang/dibakar,Tidak,Tidak Ada,Tidak Ada,Tidak Ada
BUKATEJA,KARANGNANGKA,Hamparan,Pertanian,Ada,LPG,Jamban Sendiri,Dalam lubang/dibakar,Tidak,Ada,Tidak Ada,Tidak Ada
BUKATEJA,KUTAWIS,Hamparan,Pertanian,Ada,Kayu Bakar,Jamban Sendiri,Dalam lubang/dibakar,Tidak,Tidak Ada,Tidak Ada,Ada
BUKATEJA,KEBUTUH,Hamparan,Pertanian,Ada,Kayu Bakar,Jamban Sendiri,Dalam lubang/dibakar,Tidak,Tidak Ada,Tidak Ada,Tidak Ada
BUKATEJA,PENARUBAN,Hamparan,Pertanian,Ada,LPG,Jamban Sendiri,Dalam lubang/dibakar,Tidak,Tidak Ada,Tidak Ada,Ada
BUKATEJA,KEDUNGJATI,Hamparan,Pertanian,Ada,LPG,Jamban Sendiri,Dalam lubang/dibakar,Tidak,Tidak Ada,Tidak Ada,Ada
BUKATEJA,BUKATEJA,Hamparan,Pertanian,Ada,LPG,Jamban Sendiri,Dalam lubang/dibakar,Ada,Tidak Ada,Tidak Ada,Tidak Ada
BUKATEJA,MAJASARI,Hamparan,Pertanian,Ada,LPG,Jamban Sendiri,Dalam lubang/dibakar,Tidak,Tidak Ada,Tidak Ada,Tidak Ada
BUKATEJA,BAJONG,Hamparan,Pertanian,Ada,LPG,Jamban Sendiri,Dalam lubang/dibakar,Tidak,Tidak Ada,Tidak Ada,Tidak Ada
KEJOBONG,BANDINGAN,Hamparan,Pertanian,Ada,LPG,Jamban Sendiri,Dalam lubang/dibakar,Tidak,Tidak Ada,Tidak Ada,Tidak Ada
KEJOBONG,LAMUK,Hamparan,Pertanian,Ada,LPG,Jamban Sendiri,Dalam lubang/dibakar,Tidak,Tidak Ada,Tidak Ada,Tidak Ada
KEJOBONG,SOKANEGARA,Hamparan,Pertanian,Ada,Kayu Bakar,Jamban Sendiri,Dalam lubang/dibakar,Tidak,Tidak Ada,Tidak Ada,Tidak Ada
KEJOBONG,GUMIWANG,Hamparan,Pertanian,Ada,LPG,Jamban Sendiri,Dalam lubang/dibakar,Tidak,Tidak Ada,Tidak Ada,Tidak Ada
KEJOBONG,KRENCENG,Hamparan,Pertanian,Ada,Kayu Bakar,Jamban Sendiri,Dalam lubang/dibakar,Tidak,Tidak Ada,Tidak Ada,Tidak Ada
KEJOBONG,NANGKASAWIT,Hamparan,Pertanian,Ada,Kayu Bakar,Jamban Sendiri,Dalam lubang/dibakar,Tidak,Tidak Ada,Tidak Ada,Tidak Ada
KEJOBONG,PANDANSARI,Hamparan,Pertanian,Ada,LPG,Jamban Sendiri,Dalam lubang/dibakar,Tidak,Tidak Ada,Tidak Ada,Tidak Ada
KEJOBONG,KEJOBONG,Hamparan,Pertanian,Ada,LPG,Jamban Sendiri,Dalam lubang/dibakar,Tidak,Tidak Ada,Tidak Ada,Tidak Ada
KEJOBONG,LANGGAR,Hamparan,Pertanian,Ada,LPG,Jamban Sendiri,Dalam lubang/dibakar,Tidak,Tidak Ada,Tidak Ada,Tidak Ada
KEJOBONG,TIMBANG,Hamparan,Pertanian,Ada,LPG,Jamban Sendiri,Dalam lubang/dibakar,Tidak,Tidak Ada,Tidak Ada,Tidak Ada
KEJOBONG,NANGKOD,Lereng,Pertanian,Ada,Kayu Bakar,Jamban Sendiri,Dalam lubang/dibakar,Tidak,Tidak Ada,Tidak Ada,Tidak Ada
KEJOBONG,KEDARPAN,Hamparan,Pertanian,Ada,Kayu Bakar,Jamban Sendiri,Dalam lubang/dibakar,Tidak,Tidak Ada,Tidak Ada,Tidak Ada
KEJOBONG,PANGEMPON,Lereng,Pertanian,Ada,Kayu Bakar,Jamban Sendiri,Dalam lubang/dibakar,Tidak,Tidak Ada,Tidak Ada,Tidak Ada
PENGADEGAN,PASUNGGINGAN,Lereng,Pertanian,Ada,Kayu Bakar,Jamban Sendiri,Lainnya,Tidak,Tidak Ada,Tidak Ada,Tidak Ada
PENGADEGAN,PENGADEGAN,Lereng,Pertanian,Ada,LPG,Jamban Sendiri,Dalam lubang/dibakar,Tidak,Tidak Ada,Tidak Ada,Tidak Ada
PENGADEGAN,KARANGJOHO,Lereng,Pertanian,Ada,Kayu Bakar,Jamban Sendiri,Dalam lubang/dibakar,Tidak,Tidak Ada,Tidak Ada,Tidak Ada
PENGADEGAN,LARANGAN,Lereng,Pertanian,Ada,LPG,Jamban Sendiri,Dalam lubang/dibakar,Tidak,Tidak Ada,Tidak Ada,Tidak Ada
PENGADEGAN,PANUNGGALAN,Lereng,Pertanian,Ada,Kayu Bakar,Jamban Sendiri,Dalam lubang/dibakar,Tidak,Tidak Ada,Tidak Ada,Tidak Ada
PENGADEGAN,BEDAGAS,Lereng,Pertanian,Ada,Kayu Bakar,Jamban Sendiri,Lainnya,Tidak,Tidak Ada,Tidak Ada,Tidak Ada
PENGADEGAN,TUMANGGAL,Lereng,Pertanian,Ada,Kayu Bakar,Jamban Sendiri,Lainnya,Tidak,Ada,Tidak Ada,Tidak Ada
PENGADEGAN,TEGALPINGEN,Lereng,Pertanian,Ada,Kayu Bakar,Jamban Sendiri,Dalam lubang/dibakar,Tidak,Ada,Tidak Ada,Tidak Ada
PENGADEGAN,TETEL,Lereng,Pertanian,Ada,Kayu Bakar,Jamban Sendiri,Dalam lubang/dibakar,Tidak,Tidak Ada,Tidak Ada,Tidak Ada
KALIGONDANG,LAMONGAN,Hamparan,Pertanian,Ada,LPG,Jamban Sendiri,Dalam lubang/dibakar,Tidak,Tidak Ada,Tidak Ada,Tidak Ada
KALIGONDANG,TEJASARI,Hamparan,Pertanian,Ada,LPG,Jamban Sendiri,Dalam lubang/dibakar,Tidak,Ada,Ada,Tidak Ada
KALIGONDANG,CILAPAR,Hamparan,Pertanian,Ada,Kayu Bakar,Jamban Sendiri,Dalam lubang/dibakar,Tidak,Ada,Ada,Tidak Ada
KALIGONDANG,PENOLIH,Lembah,Pertanian,Ada,Kayu Bakar,Jamban Sendiri,Dalam lubang/dibakar,Tidak,Tidak Ada,Ada,Tidak Ada
KALIGONDANG,SINDURAJA,Hamparan,Pertanian,Ada,Kayu Bakar,Jamban Sendiri,Dalam lubang/dibakar,Ada,Ada,Tidak Ada,Ada
KALIGONDANG,SELAKAMBANG,Hamparan,Pertanian,Ada,Kayu Bakar,Jamban Sendiri,Dalam lubang/dibakar,Tidak,Tidak Ada,Tidak Ada,Tidak Ada
KALIGONDANG,SELANEGARA,Hamparan,Pertanian,Ada,Kayu Bakar,Jamban Sendiri,Dalam lubang/dibakar,Tidak,Tidak Ada,Ada,Tidak Ada
KALIGONDANG,KALIGONDANG,Hamparan,Pertanian,Ada,Kayu Bakar,Jamban Sendiri,Dalam lubang/dibakar,Tidak,Tidak Ada,Ada,Tidak Ada
KALIGONDANG,BRECEK,Hamparan,Pertanian,Ada,LPG,Jamban Sendiri,Dalam lubang/dibakar,Tidak,Tidak Ada,Tidak Ada,Ada
KALIGONDANG,SEMPOR LOR,Hamparan,Pertanian,Ada,LPG,Jamban Sendiri,Dalam lubang/dibakar,Tidak,Tidak Ada,Tidak Ada,Tidak Ada
KALIGONDANG,PENARUBAN,Hamparan,Pertanian,Tidak,LPG,Jamban Sendiri,Tempat sampah kemudian diangkut,Tidak,Tidak Ada,Tidak Ada,Tidak Ada
KALIGONDANG,KALIKAJAR,Hamparan,Industri Pengolahan,Ada,LPG,Jamban Sendiri,Dalam lubang/dibakar,Tidak,Tidak Ada,Tidak Ada,Tidak Ada
KALIGONDANG,KEMBARAN WETAN,Hamparan,Pertanian,Ada,LPG,Jamban Sendiri,Dalam lubang/dibakar,Tidak,Tidak Ada,Tidak Ada,Tidak Ada
KALIGONDANG,SLINGA,Hamparan,Pertanian,Ada,LPG,Jamban Sendiri,Lainnya,Tidak,Tidak Ada,Tidak Ada,Tidak Ada
KALIGONDANG,ARENAN,Hamparan,Pertanian,Ada,Kayu Bakar,Jamban Sendiri,Dalam lubang/dibakar,Tidak,Tidak Ada,Tidak Ada,Tidak Ada
KALIGONDANG,SIDANEGARA,Hamparan,Pertanian,Ada,Kayu Bakar,Jamban Sendiri,Dalam lubang/dibakar,Tidak,Tidak Ada,Tidak Ada,Tidak Ada
KALIGONDANG,PAGERANDONG,Hamparan,Pertanian,Ada,Kayu Bakar,Jamban Sendiri,Lainnya,Tidak,Tidak Ada,Tidak Ada,Ada
KALIGONDANG,SIDAREJA,Lembah,Pertanian,Ada,Kayu Bakar,Jamban Sendiri,Dalam lubang/dibakar,Tidak,Tidak Ada,Tidak Ada,Ada
PURBALINGGA,BOJONG,Hamparan,Industri Pengolahan,Ada,LPG,Jamban Sendiri,Dalam lubang/dibakar,Tidak,Tidak Ada,Tidak Ada,Ada
PURBALINGGA,TOYAREJA,Hamparan,Pertanian,Ada,LPG,Jamban Sendiri,Dalam lubang/dibakar,Tidak,Tidak Ada,Tidak Ada,Ada
PURBALINGGA,KEDUNG MENJANGAN,Hamparan,Industri Pengolahan,Ada,LPG,Jamban Sendiri,Tempat sampah kemudian diangkut,Ada,Tidak Ada,Tidak Ada,Ada
PURBALINGGA,JATISABA,Hamparan,Pertanian,Ada,LPG,Jamban Sendiri,Tempat sampah kemudian diangkut,Tidak,Tidak Ada,Tidak Ada,Ada
PURBALINGGA,BANCAR,Hamparan,Industri Pengolahan,Ada,LPG,Jamban Sendiri,Tempat sampah kemudian diangkut,Ada,Tidak Ada,Tidak Ada,Ada
PURBALINGGA,PURBALINGGA WETAN,Hamparan,Industri Pengolahan,Ada,LPG,Jamban Sendiri,Tempat sampah kemudian diangkut,Ada,Tidak Ada,Tidak Ada,Ada
PURBALINGGA,PENAMBONGAN,Hamparan,Perdagangan Besar/Eceran dan Rumah Makan,Ada,LPG,Jamban Sendiri,Dalam lubang/dibakar,Tidak,Tidak Ada,Tidak Ada,Tidak Ada
PURBALINGGA,PURBALINGGA KIDUL,Hamparan,Industri Pengolahan,Ada,LPG,Jamban Sendiri,Tempat sampah kemudian diangkut,Ada,Ada,Tidak Ada,Ada
PURBALINGGA,KANDANG GAMPANG,Hamparan,Industri Pengolahan,Ada,LPG,Jamban Sendiri,Tempat sampah kemudian diangkut,Tidak,Tidak Ada,Tidak Ada,Tidak Ada
PURBALINGGA,PURBALINGGA KULON,Hamparan,Industri Pengolahan,Ada,LPG,Jamban Sendiri,Tempat sampah kemudian diangkut,Tidak,Tidak Ada,Tidak Ada,Ada
PURBALINGGA,PURBALINGGA LOR,Hamparan,Industri Pengolahan,Ada,LPG,Jamban Sendiri,Tempat sampah kemudian diangkut,Tidak,Ada,Tidak Ada,Ada
PURBALINGGA,KEMBARAN KULON,Hamparan,Industri Pengolahan,Ada,LPG,Jamban Sendiri,Tempat sampah kemudian diangkut,Tidak,Ada,Tidak Ada,Ada
PURBALINGGA,WIRASANA,Hamparan,Industri Pengolahan,Tidak,LPG,Jamban Sendiri,Tempat sampah kemudian diangkut,Ada,Tidak Ada,Tidak Ada,Ada
KALIMANAH,JOMPO,Hamparan,Pertanian,Ada,LPG,Jamban Sendiri,Dalam lubang/dibakar,Tidak,Tidak Ada,Tidak Ada,Ada
KALIMANAH,RABAK,Hamparan,Pertanian,Ada,LPG,Jamban Sendiri,Lainnya,Tidak,Tidak Ada,Tidak Ada,Tidak Ada
KALIMANAH,BLATER,Hamparan,Pertanian,Ada,LPG,Jamban Sendiri,Lainnya,Ada,Tidak Ada,Tidak Ada,Ada
KALIMANAH,SIDAKANGEN,Hamparan,Pertanian,Ada,LPG,Jamban Sendiri,Lainnya,Ada,Tidak Ada,Tidak Ada,Ada
KALIMANAH,KARANGPETIR,Hamparan,Pertanian,Ada,Kayu Bakar,Jamban Sendiri,Dalam lubang/dibakar,Tidak,Tidak Ada,Tidak Ada,Tidak Ada
KALIMANAH,GRECOL,Hamparan,Pertanian,Ada,LPG,Jamban Sendiri,Dalam lubang/dibakar,Tidak,Tidak Ada,Tidak Ada,Tidak Ada
KALIMANAH,MEWEK,Hamparan,Pertanian,Ada,LPG,Jamban Sendiri,Tempat sampah kemudian diangkut,Ada,Tidak Ada,Tidak Ada,Tidak Ada
KALIMANAH,KARANGMANYAR,Hamparan,Perdagangan Besar/Eceran dan Rumah Makan,Ada,LPG,Jamban Sendiri,Dalam lubang/dibakar,Tidak,Tidak Ada,Tidak Ada,Tidak Ada
KALIMANAH,KALIKABONG,Hamparan,Perdagangan Besar/Eceran dan Rumah Makan,Ada,LPG,Jamban Sendiri,Tempat sampah kemudian diangkut,Tidak,Tidak Ada,Tidak Ada,Tidak Ada
KALIMANAH,SELABAYA,Hamparan,Industri Pengolahan,Ada,LPG,Jamban Sendiri,Dalam lubang/dibakar,Tidak,Tidak Ada,Tidak Ada,Tidak Ada
KALIMANAH,KALIMANAH WETAN,Hamparan,Pertanian,Ada,LPG,Jamban Sendiri,Tempat sampah kemudian diangkut,Ada,Tidak Ada,Tidak Ada,Ada
KALIMANAH,KALIMANAH KULON,Hamparan,Pertanian,Ada,LPG,Jamban Sendiri,Lainnya,Tidak,Tidak Ada,Tidak Ada,Ada
KALIMANAH,MANDURAGA,Hamparan,Pertanian,Ada,LPG,Jamban Sendiri,Dalam lubang/dibakar,Tidak,Tidak Ada,Tidak Ada,Tidak Ada
KALIMANAH,KARANGSARI,Hamparan,Pertanian,Ada,LPG,Jamban Sendiri,Dalam lubang/dibakar,Tidak,Tidak Ada,Tidak Ada,Tidak Ada
KALIMANAH,KEDUNGWULUH,Hamparan,Pertanian,Ada,LPG,Jamban Sendiri,Lainnya,Tidak,Tidak Ada,Tidak Ada,Ada
KALIMANAH,KLAPASAWIT,Hamparan,Pertanian,Ada,LPG,Jamban Sendiri,Lainnya,Tidak,Tidak Ada,Tidak Ada,Ada
KALIMANAH,BABAKAN,Hamparan,Pertanian,Ada,LPG,Jamban Sendiri,Lainnya,Tidak,Tidak Ada,Tidak Ada,Ada
PADAMARA,KARANGPULE,Hamparan,Pertanian,Ada,LPG,Jamban Sendiri,Tempat sampah kemudian diangkut,Ada,Tidak Ada,Tidak Ada,Ada
PADAMARA,KALITINGGAR,Hamparan,Pertanian,Tidak,LPG,Jamban Sendiri,Dalam lubang/dibakar,Tidak,Tidak Ada,Tidak Ada,Ada
PADAMARA,SOKAWERA,Hamparan,Pertanian,Ada,LPG,Jamban Sendiri,Dalam lubang/dibakar,Tidak,Tidak Ada,Tidak Ada,Ada
PADAMARA,PADAMARA,Hamparan,Pertanian,Ada,LPG,Jamban Sendiri,Dalam lubang/dibakar,Tidak,Tidak Ada,Tidak Ada,Tidak Ada
PADAMARA,KARANGJAMBE,Hamparan,Pertanian,Ada,LPG,Jamban Sendiri,Dalam lubang/dibakar,Tidak,Tidak Ada,Tidak Ada,Ada
PADAMARA,BOJANEGARA,Hamparan,Jasa,Ada,LPG,Jamban Sendiri,Tempat sampah kemudian diangkut,Tidak,Tidak Ada,Tidak Ada,Tidak Ada
PADAMARA,KARANGSENTUL,Hamparan,Pertanian,Tidak,LPG,Jamban Sendiri,Tempat sampah kemudian diangkut,Tidak,Tidak Ada,Tidak Ada,Ada
PADAMARA,GEMURUH,Hamparan,Pertanian,Ada,LPG,Jamban Sendiri,Dalam lubang/dibakar,Tidak,Tidak Ada,Tidak Ada,Tidak Ada
PADAMARA,DAWUHAN,Hamparan,Pertanian,Ada,LPG,Jamban Sendiri,Dalam lubang/dibakar,Tidak,Tidak Ada,Tidak Ada,Ada
PADAMARA,PRIGI,Hamparan,Pertanian,Ada,LPG,Jamban Sendiri,Dalam lubang/dibakar,Tidak,Tidak Ada,Tidak Ada,Ada
PADAMARA,PURBAYASA,Hamparan,Pertanian,Ada,LPG,Bukan Jamban,Dalam lubang/dibakar,Tidak,Tidak Ada,Tidak Ada,Tidak Ada
PADAMARA,KARANGGAMBAS,Hamparan,Pertanian,Ada,LPG,Jamban Sendiri,Dalam lubang/dibakar,Tidak,Tidak Ada,Tidak Ada,Ada
PADAMARA,MIPIRAN,Hamparan,Pertanian,Ada,LPG,Jamban Sendiri,Dalam lubang/dibakar,Tidak,Tidak Ada,Tidak Ada,Ada
PADAMARA,KALITINGGAR KIDUL,Hamparan,Pertanian,Ada,LPG,Jamban Sendiri,Tempat sampah kemudian diangkut,Ada,Tidak Ada,Tidak Ada,Ada
KUTASARI,KARANGLEWAS,Hamparan,Pertanian,Ada,LPG,Jamban Sendiri,Dalam lubang/dibakar,Tidak,Tidak Ada,Tidak Ada,Tidak Ada
KUTASARI,MUNJUL,Hamparan,Pertanian,Ada,LPG,Jamban Sendiri,Dalam lubang/dibakar,Ada,Tidak Ada,Ada,Ada
KUTASARI,KARANGKLESEM,Hamparan,Pertanian,Ada,LPG,Jamban Sendiri,Dalam lubang/dibakar,Tidak,Tidak Ada,Tidak Ada,Tidak Ada
KUTASARI,KUTASARI,Hamparan,Pertanian,Ada,LPG,Jamban Sendiri,Dalam lubang/dibakar,Tidak,Tidak Ada,Tidak Ada,Tidak Ada
KUTASARI,SUMINGKIR,Hamparan,Pertanian,Ada,LPG,Jamban Sendiri,Dalam lubang/dibakar,Tidak,Tidak Ada,Tidak Ada,Tidak Ada
KUTASARI,MERI,Hamparan,Pertanian,Ada,LPG,Jamban Sendiri,Dalam lubang/dibakar,Tidak,Tidak Ada,Tidak Ada,Tidak Ada
KUTASARI,KARANGREJA,Hamparan,Pertanian,Ada,LPG,Jamban Sendiri,Dalam lubang/dibakar,Tidak,Tidak Ada,Tidak Ada,Tidak Ada
KUTASARI,KARANGAREN,Hamparan,Pertanian,Ada,LPG,Jamban Sendiri,Dalam lubang/dibakar,Tidak,Tidak Ada,Tidak Ada,Tidak Ada
KUTASARI,LIMBANGAN,Hamparan,Pertanian,Ada,LPG,Jamban Sendiri,Dalam lubang/dibakar,Tidak,Tidak Ada,Tidak Ada,Tidak Ada
KUTASARI,CENDANA,Hamparan,Pertanian,Tidak,LPG,Bukan Jamban,Dalam lubang/dibakar,Tidak,Tidak Ada,Tidak Ada,Tidak Ada
KUTASARI,CANDIWULAN,Lereng,Pertanian,Ada,LPG,Jamban Sendiri,Dalam lubang/dibakar,Tidak,Tidak Ada,Tidak Ada,Tidak Ada
KUTASARI,KARANGCEGAK,Hamparan,Industri Pengolahan,Ada,LPG,Bukan Jamban,Dalam lubang/dibakar,Tidak,Tidak Ada,Tidak Ada,Tidak Ada
KUTASARI,CANDINATA,Hamparan,Pertanian,Ada,LPG,Bukan Jamban,Dalam lubang/dibakar,Tidak,Tidak Ada,Tidak Ada,Tidak Ada
KUTASARI,KARANGJENGKOL,Lereng,Pertanian,Ada,Kayu Bakar,Bukan Jamban,Dalam lubang/dibakar,Tidak,Tidak Ada,Tidak Ada,Tidak Ada
BOJONGSARI,BROBOT,Hamparan,Pertanian,Ada,LPG,Jamban Sendiri,Dalam lubang/dibakar,Ada,Tidak Ada,Tidak Ada,Tidak Ada
BOJONGSARI,GEMBONG,Hamparan,Pertanian,Ada,LPG,Jamban Sendiri,Dalam lubang/dibakar,Ada,Tidak Ada,Tidak Ada,Tidak Ada
BOJONGSARI,GALUH,Hamparan,Pertanian,Ada,LPG,Jamban Sendiri,Dalam lubang/dibakar,Tidak,Tidak Ada,Tidak Ada,Tidak Ada
BOJONGSARI,BANJARAN,Hamparan,Industri Pengolahan,Ada,LPG,Jamban Sendiri,Dalam lubang/dibakar,Tidak,Tidak Ada,Tidak Ada,Tidak Ada
BOJONGSARI,PATEMON,Hamparan,Pertanian,Ada,LPG,Jamban Sendiri,Dalam lubang/dibakar,Ada,Tidak Ada,Tidak Ada,Tidak Ada
BOJONGSARI,BOJONGSARI,Hamparan,Pertanian,Ada,LPG,Jamban Sendiri,Dalam lubang/dibakar,Ada,Tidak Ada,Tidak Ada,Tidak Ada
BOJONGSARI,KAJONGAN,Hamparan,Pertanian,Ada,LPG,Jamban Sendiri,Dalam lubang/dibakar,Tidak,Tidak Ada,Tidak Ada,Tidak Ada
BOJONGSARI,KARANGBANJAR,Hamparan,Industri Pengolahan,Ada,LPG,Jamban Sendiri,Dalam lubang/dibakar,Tidak,Ada,Tidak Ada,Ada
BOJONGSARI,BEJI,Hamparan,Pertanian,Ada,LPG,Bukan Jamban,Dalam lubang/dibakar,Tidak,Tidak Ada,Tidak Ada,Tidak Ada
BOJONGSARI,PAGEDANGAN,Hamparan,Pertanian,Ada,LPG,Jamban Sendiri,Dalam lubang/dibakar,Tidak,Tidak Ada,Tidak Ada,Tidak Ada
BOJONGSARI,PEKALONGAN,Hamparan,Industri Pengolahan,Ada,LPG,Jamban Sendiri,Dalam lubang/dibakar,Tidak,Tidak Ada,Tidak Ada,Tidak Ada
BOJONGSARI,METENGGENG,Hamparan,Pertanian,Ada,LPG,Bukan Jamban,Dalam lubang/dibakar,Tidak,Tidak Ada,Tidak Ada,Tidak Ada
BOJONGSARI,BUMISARI,Lereng,Industri Pengolahan,Ada,Kayu Bakar,Jamban Sendiri,Dalam lubang/dibakar,Tidak,Tidak Ada,Tidak Ada,Tidak Ada
MREBET,KARANGTURI,Hamparan,Pertanian,Ada,LPG,Jamban Sendiri,Dalam lubang/dibakar,Tidak,Tidak Ada,Tidak Ada,Tidak Ada
MREBET,ONJE,Hamparan,Pertanian,Ada,LPG,Jamban Sendiri,Dalam lubang/dibakar,Tidak,Tidak Ada,Tidak Ada,Tidak Ada
MREBET,SINDANG,Hamparan,Pertanian,Ada,Kayu Bakar,Bukan Jamban,Dalam lubang/dibakar,Tidak,Ada,Tidak Ada,Ada
MREBET,TANGKISAN,Hamparan,Pertanian,Ada,Kayu Bakar,Jamban Sendiri,Dalam lubang/dibakar,Tidak,Tidak Ada,Tidak Ada,Ada
MREBET,KRADENAN,Hamparan,Pertanian,Ada,LPG,Jamban Sendiri,Dalam lubang/dibakar,Tidak,Tidak Ada,Tidak Ada,Tidak Ada
MREBET,LAMBUR,Lembah,Pertanian,Ada,Kayu Bakar,Bukan Jamban,Dalam lubang/dibakar,Tidak,Tidak Ada,Tidak Ada,Ada
MREBET,SELAGANGGENG,Hamparan,Pertanian,Ada,LPG,Jamban Sendiri,Dalam lubang/dibakar,Tidak,Tidak Ada,Tidak Ada,Tidak Ada
MREBET,MANGUNEGARA,Hamparan,Pertanian,Ada,LPG,Jamban Sendiri,Dalam lubang/dibakar,Tidak,Tidak Ada,Tidak Ada,Tidak Ada
MREBET,KARANG NANGKA,Hamparan,Pertanian,Ada,LPG,Jamban Sendiri,Tempat sampah kemudian diangkut,Tidak,Tidak Ada,Tidak Ada,Ada
MREBET,MREBET,Hamparan,Pertanian,Ada,LPG,Bukan Jamban,Dalam lubang/dibakar,Tidak,Tidak Ada,Tidak Ada,Ada
MREBET,BOJONG,Hamparan,Pertanian,Ada,LPG,Bukan Jamban,Dalam lubang/dibakar,Tidak,Tidak Ada,Tidak Ada,Tidak Ada
MREBET,SERAYU KARANGANYAR,Hamparan,Pertanian,Ada,LPG,Jamban Sendiri,Dalam lubang/dibakar,Tidak,Tidak Ada,Tidak Ada,Tidak Ada
MREBET,SERAYU LARANGAN,Lereng,Pertanian,Ada,LPG,Jamban Sendiri,Dalam lubang/dibakar,Tidak,Tidak Ada,Tidak Ada,Tidak Ada
MREBET,CAMPAKOAH,Lereng,Pertanian,Tidak,LPG,Jamban Sendiri,Dalam lubang/dibakar,Tidak,Tidak Ada,Tidak Ada,Tidak Ada
MREBET,PAGER ANDONG,Hamparan,Pertanian,Tidak,LPG,Jamban Sendiri,Lainnya,Tidak,Tidak Ada,Tidak Ada,Tidak Ada
MREBET,CIPAKU,Hamparan,Pertanian,Ada,LPG,Bukan Jamban,Dalam lubang/dibakar,Tidak,Tidak Ada,Tidak Ada,Tidak Ada
MREBET,BINANGUN,Lereng,Pertanian,Ada,Kayu Bakar,Jamban Sendiri,Lainnya,Tidak,Tidak Ada,Tidak Ada,Ada
MREBET,PENGALUSAN,Lereng,Pertanian,Ada,LPG,Jamban Sendiri,Lainnya,Tidak,Tidak Ada,Tidak Ada,Tidak Ada
MREBET,SANGKANAYU,Lereng,Pertanian,Ada,Kayu Bakar,Jamban Sendiri,Lainnya,Tidak,Tidak Ada,Tidak Ada,Tidak Ada
BOBOTSARI,GANDASULI,Hamparan,Pertanian,Ada,LPG,Jamban Sendiri,Dalam lubang/dibakar,Tidak,Tidak Ada,Tidak Ada,Tidak Ada
BOBOTSARI,KALAPACUNG,Hamparan,Pertanian,Ada,LPG,Jamban Sendiri,Tempat sampah kemudian diangkut,Tidak,Tidak Ada,Tidak Ada,Ada
BOBOTSARI,KARANGMALANG,Hamparan,Pertanian,Ada,LPG,Jamban Sendiri,Dalam lubang/dibakar,Tidak,Ada,Ada,Tidak Ada
BOBOTSARI,BANJARSARI,Lembah,Pertanian,Ada,Kayu Bakar,Jamban Sendiri,Dalam lubang/dibakar,Tidak,Ada,Ada,Ada
BOBOTSARI,MAJAPURA,Hamparan,Perdagangan Besar/Eceran dan Rumah Makan,Ada,LPG,Jamban Sendiri,Dalam lubang/dibakar,Tidak,Ada,Tidak Ada,Tidak Ada
BOBOTSARI,BOBOTSARI,Hamparan,Pertanian,Ada,LPG,Jamban Sendiri,Tempat sampah kemudian diangkut,Ada,Tidak Ada,Tidak Ada,Tidak Ada
BOBOTSARI,KARANGDUREN,Hamparan,Pertanian,Ada,LPG,Jamban Sendiri,Dalam lubang/dibakar,Tidak,Tidak Ada,Tidak Ada,Tidak Ada
BOBOTSARI,PAKUNCEN,Hamparan,Pertanian,Ada,LPG,Jamban Sendiri,Dalam lubang/dibakar,Tidak,Tidak Ada,Tidak Ada,Ada
BOBOTSARI,KARANGTALUN,Hamparan,Pertanian,Ada,LPG,Jamban Sendiri,Dalam lubang/dibakar,Tidak,Tidak Ada,Tidak Ada,Tidak Ada
BOBOTSARI,GUNUNGKARANG,Hamparan,Pertanian,Ada,Kayu Bakar,Bukan Jamban,Dalam lubang/dibakar,Ada,Tidak Ada,Tidak Ada,Tidak Ada
BOBOTSARI,TALAGENING,Lembah,Pertanian,Ada,LPG,Jamban Sendiri,Dalam lubang/dibakar,Tidak,Tidak Ada,Tidak Ada,Tidak Ada
BOBOTSARI,TLAGAYASA,Hamparan,Pertanian,Ada,LPG,Bukan Jamban,Lainnya,Tidak,Tidak Ada,Tidak Ada,Tidak Ada
BOBOTSARI,DAGAN,Hamparan,Pertanian,Ada,LPG,Jamban Sendiri,Dalam lubang/dibakar,Tidak,Tidak Ada,Tidak Ada,Tidak Ada
BOBOTSARI,LIMBASARI,Hamparan,Pertanian,Ada,LPG,Jamban Sendiri,Dalam lubang/dibakar,Tidak,Tidak Ada,Tidak Ada,Tidak Ada
BOBOTSARI,PALUMBUNGAN KULON,Hamparan,Pertanian,Ada,LPG,Jamban Sendiri,Dalam lubang/dibakar,Tidak,Tidak Ada,Tidak Ada,Tidak Ada
BOBOTSARI,PALUMBUNGAN WETAN,Lereng,Pertanian,Ada,LPG,Jamban Sendiri,Dalam lubang/dibakar,Tidak,Tidak Ada,Tidak Ada,Tidak Ada
KARANGREJA,SERANG,Lereng,Pertanian,Ada,Kayu Bakar,Jamban Sendiri,Dalam lubang/dibakar,Tidak,Ada,Tidak Ada,Tidak Ada
KARANGREJA,KUTABAWA,Lereng,Pertanian,Ada,Kayu Bakar,Jamban Sendiri,Dalam lubang/dibakar,Tidak,Tidak Ada,Tidak Ada,Tidak Ada
KARANGREJA,SIWARAK,Lereng,Pertanian,Ada,LPG,Jamban Sendiri,Dalam lubang/dibakar,Tidak,Tidak Ada,Tidak Ada,Tidak Ada
KARANGREJA,TLAHAB LOR,Lereng,Pertanian,Ada,LPG,Jamban Sendiri,Sungai/saluran irigasi,Tidak,Tidak Ada,Tidak Ada,Tidak Ada
KARANGREJA,TLAHAB KIDUL,Lereng,Pertanian,Ada,Kayu Bakar,Bukan Jamban,Sungai/saluran irigasi,Tidak,Tidak Ada,Tidak Ada,Tidak Ada
KARANGREJA,KARANGREJA,Lereng,Pertanian,Ada,Kayu Bakar,Jamban Sendiri,Dalam lubang/dibakar,Tidak,Tidak Ada,Tidak Ada,Tidak Ada
KARANGREJA,GONDANG,Lereng,Pertanian,Ada,LPG,Jamban Sendiri,Sungai/saluran irigasi,Tidak,Ada,Tidak Ada,Tidak Ada
KARANGJAMBU,SIRANDU,Lereng,Pertanian,Ada,LPG,Jamban Sendiri,Lainnya,Tidak,Ada,Tidak Ada,Tidak Ada
KARANGJAMBU,PURBASARI,Lereng,Pertanian,Tidak,LPG,Jamban Sendiri,Lainnya,Tidak,Ada,Tidak Ada,Tidak Ada
KARANGJAMBU,KARANGJAMBU,Lereng,Pertanian,Ada,Kayu Bakar,Jamban Sendiri,Lainnya,Tidak,Ada,Tidak Ada,Tidak Ada
KARANGJAMBU,SANGUWATANG,Lereng,Pertanian,Ada,Kayu Bakar,Bukan Jamban,Lainnya,Tidak,Ada,Tidak Ada,Tidak Ada
KARANGJAMBU,JINGKANG,Lereng,Pertanian,Ada,Kayu Bakar,Bukan Jamban,Lainnya,Tidak,Ada,Tidak Ada,Tidak Ada
KARANGJAMBU,DANASARI,Lereng,Pertanian,Ada,Kayu Bakar,Jamban Sendiri,Lainnya,Tidak,Ada,Tidak Ada,Tidak Ada
KARANGANYAR,KALIORI,Lereng,Pertanian,Ada,Kayu Bakar,Jamban Sendiri,Dalam lubang/dibakar,Tidak,Ada,Tidak Ada,Ada
KARANGANYAR,KALIJARAN,Hamparan,Pertanian,Ada,Kayu Bakar,Jamban Sendiri,Dalam lubang/dibakar,Tidak,Tidak Ada,Ada,Tidak Ada
KARANGANYAR,KARANGANYAR,Hamparan,Pertanian,Ada,LPG,Jamban Sendiri,Dalam lubang/dibakar,Tidak,Tidak Ada,Tidak Ada,Tidak Ada
KARANGANYAR,BANJARKERTA,Hamparan,Perdagangan Besar/Eceran dan Rumah Makan,Ada,LPG,Jamban Sendiri,Dalam lubang/dibakar,Tidak,Ada,Tidak Ada,Tidak Ada
KARANGANYAR,KARANGGEDANG,Hamparan,Pertanian,Ada,LPG,Jamban Sendiri,Dalam lubang/dibakar,Tidak,Tidak Ada,Tidak Ada,Tidak Ada
KARANGANYAR,KABUNDERAN,Hamparan,Pertanian,Ada,LPG,Jamban Sendiri,Dalam lubang/dibakar,Tidak,Tidak Ada,Tidak Ada,Tidak Ada
KARANGANYAR,JAMBUDESA,Hamparan,Pertanian,Ada,Kayu Bakar,Bukan Jamban,Dalam lubang/dibakar,Tidak,Tidak Ada,Tidak Ada,Ada
KARANGANYAR,MARIBAYA,Hamparan,Pertanian,Ada,Kayu Bakar,Bukan Jamban,Dalam lubang/dibakar,Tidak,Tidak Ada,Tidak Ada,Ada
KARANGANYAR,BUNGKANEL,Hamparan,Pertanian,Ada,LPG,Jamban Sendiri,Dalam lubang/dibakar,Tidak,Tidak Ada,Tidak Ada,Tidak Ada
KARANGANYAR,LUMPANG,Hamparan,Pertanian,Ada,Kayu Bakar,Bukan Jamban,Sungai/saluran irigasi,Tidak,Tidak Ada,Ada,Tidak Ada
KARANGANYAR,BUARA,Hamparan,Pertanian,Ada,Kayu Bakar,Bukan Jamban,Dalam lubang/dibakar,Tidak,Tidak Ada,Tidak Ada,Tidak Ada
KARANGANYAR,BRAKAS,Hamparan,Pertanian,Ada,Kayu Bakar,Bukan Jamban,Lainnya,Tidak,Tidak Ada,Tidak Ada,Tidak Ada
KARANGANYAR,PONJEN,Lereng,Pertanian,Ada,LPG,Bukan Jamban,Dalam lubang/dibakar,Tidak,Tidak Ada,Tidak Ada,Ada
KERTANEGARA,MARGASANA,Hamparan,Pertanian,Ada,LPG,Bukan Jamban,Sungai/saluran irigasi,Tidak,Ada,Ada,Tidak Ada
KERTANEGARA,KERTANEGARA,Hamparan,Pertanian,Ada,LPG,Jamban Sendiri,Dalam lubang/dibakar,Tidak,Tidak Ada,Ada,Tidak Ada
KERTANEGARA,KASIH,Hamparan,Pertanian,Ada,LPG,Jamban Sendiri,Dalam lubang/dibakar,Tidak,Tidak Ada,Tidak Ada,Tidak Ada
KERTANEGARA,KARANG TENGAH,Hamparan,Pertanian,Ada,LPG,Jamban Sendiri,Dalam lubang/dibakar,Tidak,Ada,Tidak Ada,Tidak Ada
KERTANEGARA,CONDONG,Hamparan,Pertanian,Ada,Kayu Bakar,Bukan Jamban,Dalam lubang/dibakar,Tidak,Tidak Ada,Tidak Ada,Tidak Ada
KERTANEGARA,KARANGPUCUNG,Hamparan,Pertanian,Ada,Kayu Bakar,Bukan Jamban,Dalam lubang/dibakar,Tidak,Tidak Ada,Tidak Ada,Ada
KERTANEGARA,KARANGASEM,Hamparan,Pertanian,Ada,LPG,Jamban Sendiri,Lainnya,Tidak,Tidak Ada,Tidak Ada,Tidak Ada
KERTANEGARA,ADIARSA,Hamparan,Pertanian,Ada,LPG,Jamban Sendiri,Lainnya,Tidak,Ada,Ada,Ada
KERTANEGARA,LANGKAP,Lereng,Pertanian,Ada,Kayu Bakar,Bukan Jamban,Lainnya,Tidak,Ada,Tidak Ada,Ada
KERTANEGARA,DARMA,Lereng,Pertanian,Ada,LPG,Jamban Sendiri,Tempat sampah kemudian diangkut,Tidak,Tidak Ada,Tidak Ada,Tidak Ada
KERTANEGARA,KRANGEAN,Lereng,Pertanian,Ada,Kayu Bakar,Jamban Sendiri,Dalam lubang/dibakar,Tidak,Tidak Ada,Tidak Ada,Ada
KARANGMONCOL,KARANGSARI,Hamparan,Pertanian,Ada,LPG,Jamban Sendiri,Dalam lubang/dibakar,Tidak,Ada,Tidak Ada,Tidak Ada
KARANGMONCOL,PEPEDAN,Hamparan,Pertanian,Ada,LPG,Jamban Sendiri,Dalam lubang/dibakar,Tidak,Ada,Tidak Ada,Tidak Ada
KARANGMONCOL,PEKIRINGAN,Hamparan,Pertanian,Ada,LPG,Jamban Sendiri,Dalam lubang/dibakar,Tidak,Ada,Tidak Ada,Tidak Ada
KARANGMONCOL,GRANTUNG,Lereng,Pertanian,Ada,LPG,Jamban Sendiri,Dalam lubang/dibakar,Tidak,Ada,Tidak Ada,Tidak Ada
KARANGMONCOL,RAJAWANA,Hamparan,Pertanian,Ada,LPG,Bukan Jamban,Dalam lubang/dibakar,Tidak,Tidak Ada,Tidak Ada,Tidak Ada
KARANGMONCOL,TAJUG,Hamparan,Pertanian,Ada,LPG,Bukan Jamban,Dalam lubang/dibakar,Tidak,Ada,Tidak Ada,Tidak Ada
KARANGMONCOL,TAMANSARI,Hamparan,Pertanian,Ada,LPG,Jamban Sendiri,Dalam lubang/dibakar,Tidak,Tidak Ada,Tidak Ada,Tidak Ada
KARANGMONCOL,BALERAKSA,Hamparan,Pertanian,Ada,LPG,Jamban Sendiri,Dalam lubang/dibakar,Ada,Tidak Ada,Ada,Tidak Ada
KARANGMONCOL,TUNJUNGMULI,Lereng,Pertanian,Ada,LPG,Jamban Sendiri,Dalam lubang/dibakar,Tidak,Tidak Ada,Ada,Tidak Ada
KARANGMONCOL,KRAMAT,Lereng,Pertanian,Ada,LPG,Jamban Sendiri,Dalam lubang/dibakar,Tidak,Ada,Tidak Ada,Tidak Ada
KARANGMONCOL,SIRAU,Lereng,Pertanian,Ada,Kayu Bakar,Bukan Jamban,Dalam lubang/dibakar,Tidak,Ada,Tidak Ada,Tidak Ada
REMBANG,WLAHAR,Lereng,Pertanian,Ada,Kayu Bakar,Jamban Sendiri,Sungai/saluran irigasi,Tidak,Tidak Ada,Tidak Ada,Tidak Ada
REMBANG,BANTARBARANG,Hamparan,Pertanian,Ada,LPG,Jamban Sendiri,Dalam lubang/dibakar,Tidak,Ada,Tidak Ada,Tidak Ada
REMBANG,KARANGBAWANG,Lereng,Pertanian,Ada,LPG,Jamban Sendiri,Tempat sampah kemudian diangkut,Tidak,Ada,Tidak Ada,Tidak Ada
REMBANG,GUNUNGWULED,Lereng,Pertanian,Ada,LPG,Jamban Sendiri,Lainnya,Tidak,Ada,Tidak Ada,Tidak Ada
REMBANG,LOSARI,Lereng,Pertanian,Ada,LPG,Jamban Sendiri,Dalam lubang/dibakar,Ada,Ada,Tidak Ada,Tidak Ada
REMBANG,BODAS KARANGJATI,Lereng,Pertanian,Ada,LPG,Jamban Sendiri,Tempat sampah kemudian diangkut,Ada,Tidak Ada,Tidak Ada,Ada
REMBANG,WANOGARA WETAN,Hamparan,Pertanian,Ada,LPG,Bukan Jamban,Tempat sampah kemudian diangkut,Ada,Ada,Ada,Tidak Ada
REMBANG,WANOGARA KULON,Lereng,Pertanian,Ada,LPG,Jamban Sendiri,Dalam lubang/dibakar,Tidak,Ada,Ada,Tidak Ada
REMBANG,MAKAM,Lereng,Pertanian,Ada,LPG,Jamban Sendiri,Tempat sampah kemudian diangkut,Ada,Ada,Tidak Ada,Ada
REMBANG,SUMAMPIR,Lereng,Pertanian,Ada,LPG,Jamban Sendiri,Dalam lubang/dibakar,Tidak,Tidak Ada,Tidak Ada,Ada
REMBANG,TANALUM,Lereng,Pertanian,Ada,LPG,Jamban Sendiri,Tempat sampah kemudian diangkut,Tidak,Tidak Ada,Tidak Ada,Ada
REMBANG,PANUSUPAN,Lereng,Pertanian,Ada,LPG,Jamban Sendiri,Tempat sampah kemudian diangkut,Tidak,Ada,Tidak Ada,Tidak Ada